window_id,pl_fwd_count,pl_bwd_count,pl_len_fwd_total,pl_len_bwd_total,flow_fwd_count,flow_bwd_count,timestamp,label
57700049,[   0.    0. 1000. 1100. 1600. 1350.],[   0.    0. 1000. 1100. 1600. 1350.],[    0.     0. 39750. 43726. 63601. 53664.],[     0.      0.  84750.  93226. 135601. 114414.],[0. 0. 2. 4. 5. 5.],[0. 0. 2. 4. 5. 5.],2024-11-07 17:44:30,dns_attack
57700050,[ 750. 1100. 1100.  850. 1350.  850.],[ 750. 1100. 1100.  850. 1350.  850.],[29813. 43726. 43725. 33788. 53663. 33788.],[ 63563.  93226.  93225.  72038. 114413.  72038.],[2. 4. 3. 3. 4. 3.],[2. 4. 3. 3. 4. 3.],2024-11-07 17:45:00,dns_attack
57700051,[ 950. 1100.  850.  850. 1100. 1450.],[ 950. 1100.  850.  850. 1100. 1450.],[37763. 43726. 33788. 33788. 43726. 57638.],[ 80513.  93226.  72038.  72038.  93226. 122888.],[4. 4. 3. 3. 4. 5.],[4. 4. 3. 3. 4. 5.],2024-11-07 17:45:30,dns_attack
57700052,[1100.  850.  750.  950.  850.  950.],[1100.  850.  750.  950.  850.  950.],[43726. 33788. 29813. 37763. 33788. 37763.],[93226. 72038. 63563. 80513. 72038. 80513.],[4. 3. 2. 4. 3. 4.],[4. 3. 2. 4. 3. 4.],2024-11-07 17:46:00,dns_attack
57700053,[1350. 1350.  850. 1700.  600. 1350.],[1350. 1350.  850. 1700.  600. 1350.],[53663. 53663. 33788. 67576. 23850. 53663.],[114413. 114413.  72038. 144076.  50850. 114413.],[4. 4. 3. 6. 2. 4.],[4. 4. 3. 6. 2. 4.],2024-11-07 17:46:30,dns_attack
57700054,[1100.  850. 1100. 1100. 1450. 1600.],[1100.  850. 1100. 1100. 1450. 1600.],[43726. 33788. 43726. 43726. 57638. 63601.],[ 93226.  72038.  93226.  93226. 122888. 135601.],[4. 3. 4. 4. 5. 5.],[4. 3. 4. 4. 5. 5.],2024-11-07 17:47:00,dns_attack
57700055,[ 700.  850. 1700.  250. 1450.  850.],[ 700.  850. 1700.  250. 1450.  850.],[27825. 33788. 67576.  9938. 57638. 33788.],[ 59325.  72038. 144076.  21188. 122888.  72038.],[3. 3. 6. 1. 5. 3.],[3. 3. 6. 1. 5. 3.],2024-11-07 17:47:30,dns_attack
57700056,[1350. 1100. 1352. 1100.  751. 1451.],[1350. 1100. 1350. 1100.  750. 1450.],[53663. 43726. 53731. 43726. 29845. 57670.],[114413.  93226. 114413.  93226.  63563. 122888.],[4. 4. 5. 4. 3. 6.],[4. 4. 5. 4. 2. 5.],2024-11-07 17:48:00,dns_attack
57700057,[ 851. 1201. 1450.  850. 1350.  850.],[ 850. 1200. 1450.  850. 1350.  850.],[33820. 47735. 57638. 33788. 53663. 33788.],[ 72038. 101701. 122888.  72038. 114413.  72038.],[4. 6. 5. 3. 4. 3.],[3. 6. 5. 3. 4. 3.],2024-11-07 17:48:30,dns_attack
57700058,[1600.  850.  600. 1200.  850.  950.],[1600.  850.  600. 1200.  850.  950.],[63601. 33788. 23850. 47701. 33788. 37763.],[135601.  72038.  50850. 101701.  72038.  80513.],[5. 3. 2. 5. 3. 4.],[5. 3. 2. 5. 3. 4.],2024-11-07 17:49:00,dns_attack
57700059,[ 950.  850. 1100. 1350.  950.  850.],[ 950.  850. 1100. 1350.  950.  850.],[37763. 33788. 43726. 53663. 37763. 33788.],[ 80513.  72038.  93226. 114413.  80513.  72038.],[4. 3. 4. 4. 4. 3.],[4. 3. 4. 4. 4. 3.],2024-11-07 17:49:30,dns_attack
57743351,[1674. 1653. 2252. 1847. 1660. 1679.],[1674. 1653. 2252. 1847. 1660. 1679.],[ 84942.  83937. 114267.  93738.  84265.  85189.],[160272. 158322. 215607. 176853. 158965. 160744.],[1644. 1627. 2172. 1783. 1609. 1629.],[1644. 1627. 2172. 1783. 1609. 1629.],2024-11-22 18:35:30,dns_attack
57743352,[1828. 2428. 1767. 2301. 3278. 2618.],[1828. 2428. 1767. 2301. 3278. 2618.],[ 92744. 123284.  89663. 116748. 166367. 132861.],[175004. 232544. 169178. 220293. 313877. 250671.],[1763. 2344. 1711. 2223. 3126. 2505.],[1763. 2344. 1711. 2223. 3126. 2505.],2024-11-22 18:36:00,dns_attack
57743353,[1875. 2121. 2556. 2297. 1696. 1653.],[1875. 2121. 2556. 2297. 1696. 1653.],[ 95149. 107666. 129707. 116645.  86043.  83891.],[179524. 203111. 244727. 219920. 162363. 158276.],[1814. 2049. 2461. 2221. 1655. 1622.],[1814. 2049. 2461. 2221. 1655. 1622.],2024-11-22 18:36:30,dns_attack
57743354,[2383. 2270. 1649. 1782. 2234. 2049.],[2383. 2270. 1649. 1782. 2232. 2047.],[120933. 115229.  83650.  90440. 113429. 103950.],[228168. 217289. 157855. 170540. 213715. 196001.],[2311. 2219. 1611. 1736. 2149. 1980.],[2311. 2219. 1611. 1736. 2149. 1980.],2024-11-22 18:37:00,dns_attack
57743355,[2369. 2146. 2031. 1626. 2057. 3267.],[2369. 2146. 2031. 1626. 2057. 3267.],[120208. 108879. 103093.  82524. 104435. 165762.],[226813. 205449. 194488. 155694. 197000. 312777.],[2297. 2089. 1983. 1591. 1999. 3137.],[2297. 2089. 1983. 1591. 1999. 3137.],2024-11-22 18:37:30,dns_attack
57743356,[1621. 1576. 2207. 2355. 2482. 1892.],[1621. 1576. 2203. 2338. 2482. 1914.],[ 82317.  79941. 112001. 119450. 126043.  96026.],[155262. 150861. 210948. 223776. 237643. 182200.],[1580. 1549. 2154. 2283. 2413. 1876.],[1580. 1549. 2154. 2283. 2413. 1876.],2024-11-22 18:38:00,dns_attack
57743357,[2068. 1940. 2516. 1940. 1773. 2109.],[2067. 1940. 2516. 1941. 1773. 2109.],[104916.  98511. 127678.  98405.  89962. 107015.],[197879. 185721. 240808. 185802. 169747. 201920.],[2008. 1892. 2454. 1891. 1730. 2040.],[2008. 1892. 2454. 1891. 1730. 2040.],2024-11-22 18:38:30,dns_attack
57743358,[1542. 1488. 1468. 1469. 1510. 2268.],[1541. 1488. 1469. 1469. 1510. 2268.],[ 78303.  75521.  74511.  74521.  76606. 115146.],[147596. 142481. 140575. 140626. 144558. 217206.],[1515. 1468. 1443. 1449. 1486. 2214.],[1515. 1468. 1443. 1449. 1486. 2214.],2024-11-22 18:39:00,dns_attack
57743359,[1711. 2882. 1781. 1545. 1840. 2224.],[1711. 2881. 1781. 1545. 1840. 2224.],[ 86835. 146225.  90397.  78394.  93488. 112918.],[163830. 275819. 170542. 147919. 176198. 212908.],[1675. 2787. 1728. 1520. 1802. 2174.],[1675. 2787. 1728. 1520. 1802. 2174.],2024-11-22 18:39:30,dns_attack
57743360,[1451. 2222. 2183. 2302. 1522. 3301.],[1451. 2222. 2183. 2302. 1523. 3301.],[ 73659. 112779. 110792. 116807.  77272. 167434.],[138864. 212769. 209027. 220397. 145859. 315979.],[1429. 2154. 2133. 2236. 1497. 3164.],[1429. 2154. 2133. 2236. 1497. 3164.],2024-11-22 18:40:00,dns_attack
57743361,[2647. 1936. 1859.    5.    0.    0.],[2646. 1936. 1859.    5.    0.    0.],[134345.  98254.  94320.    253.      0.      0.],[253363. 185374. 177975.    478.      0.      0.],[2570. 1880. 1823.    5.    0.    0.],[2570. 1880. 1823.    5.    0.    0.],2024-11-22 18:40:30,dns_attack
57740307,[   0.    0.    0. 4614. 7485. 7500.],[   0.    0.    0. 4614. 7485. 7500.],[     0.      0.      0. 133806. 217065. 217500.],[      0.       0.       0. 2350343. 3812773. 3820174.],[0. 0. 0. 2. 3. 3.],[0. 0. 0. 2. 3. 3.],2024-11-21 17:13:30,dns_attack
57740308,[7500. 7500. 7501. 7500. 7500. 7500.],[7500. 7500. 7500. 7500. 7501. 7500.],[217500. 217500. 217529. 217500. 217500. 217500.],[3820812. 3820596. 3820355. 3820207. 3820975. 3820398.],[3. 3. 3. 3. 3. 3.],[3. 3. 3. 3. 3. 3.],2024-11-21 17:14:00,dns_attack
57740309,[7500. 7500. 7500. 7500. 7501. 7500.],[7500. 7500. 7500. 7500. 7500. 7500.],[217500. 217500. 217500. 217500. 217529. 217500.],[3820534. 3820302. 3820598. 3820605. 3820684. 3820582.],[3. 3. 3. 3. 3. 3.],[3. 3. 3. 3. 3. 3.],2024-11-21 17:14:30,dns_attack
57740310,[7500. 7500. 7500. 7500. 7500. 7501.],[7501. 7500. 7500. 7500. 7500. 7499.],[217500. 217500. 217500. 217500. 217500. 217529.],[3820235. 3820522. 3820412. 3820482. 3820107. 3819385.],[3. 3. 3. 3. 3. 3.],[3. 3. 3. 3. 3. 3.],2024-11-21 17:15:00,dns_attack
57740311,[7500. 7500. 7500. 7500. 7500. 7499.],[7501. 7500. 7500. 7500. 7500. 7500.],[217500. 217500. 217500. 217500. 217500. 217471.],[3820472. 3820177. 3820073. 3820370. 3819859. 3820527.],[3. 3. 3. 3. 3. 3.],[3. 3. 3. 3. 3. 3.],2024-11-21 17:15:30,dns_attack
57740312,[7500. 7501. 7500. 7500. 7500. 7500.],[7500. 7500. 7501. 7500. 7500. 7500.],[217500. 217529. 217500. 217500. 217500. 217500.],[3820081. 3820858. 3820748. 3820194. 3820506. 3820548.],[3. 3. 3. 3. 3. 3.],[3. 3. 3. 3. 3. 3.],2024-11-21 17:16:00,dns_attack
57740313,[7500. 7500. 7501. 7500. 7500. 7500.],[7500. 7500. 7500. 7501. 7500. 7500.],[217500. 217500. 217529. 217500. 217500. 217500.],[3820454. 3820096. 3820716. 3821030. 3820171. 3820718.],[3. 3. 3. 3. 3. 3.],[3. 3. 3. 3. 3. 3.],2024-11-21 17:16:30,dns_attack
57740314,[7500. 7500. 7500. 7501. 7500. 7500.],[7500. 7500. 7500. 7500. 7500. 7501.],[217500. 217500. 217500. 217529. 217500. 217500.],[3820438. 3820832. 3820271. 3820036. 3820174. 3820405.],[3. 3. 3. 3. 3. 3.],[3. 3. 3. 3. 3. 3.],2024-11-21 17:17:00,dns_attack
57740315,[7500. 7500. 7500. 7500. 7500. 7501.],[7500. 7500. 7500. 7500. 7500. 7500.],[217500. 217500. 217500. 217500. 217500. 217529.],[3820695. 3820332. 3820442. 3820977. 3820988. 3820419.],[3. 3. 3. 3. 3. 3.],[3. 3. 3. 3. 3. 3.],2024-11-21 17:17:30,dns_attack
57740316,[7500. 7500. 7500. 7500. 7500. 7500.],[7501. 7500. 7500. 7500. 7500. 7500.],[217500. 217500. 217500. 217500. 217500. 217500.],[3821115. 3820269. 3820757. 3819846. 3820430. 3820222.],[3. 3. 3. 3. 3. 3.],[3. 3. 3. 3. 3. 3.],2024-11-21 17:18:00,dns_attack
57740317,[7501. 7500. 7500. 2878.   16.    0.],[7500. 7501. 7500. 2878.   16.    0.],[217529. 217500. 217500.  83462.    464.      0.],[3820648. 3820721. 3820132. 1465924.    8129.       0.],[3. 3. 3. 3. 1. 0.],[3. 3. 3. 3. 1. 0.],2024-11-21 17:18:30,dns_attack
57700062,[   0.  750. 2750. 3250. 4600. 2350.],[   0.  750. 2750. 3250. 4600. 2350.],[     0.  29813. 109313. 129189. 182851.  93414.],[     0.  63563. 233063. 275439. 389851. 199164.],[0. 1. 3. 5. 8. 5.],[0. 1. 3. 5. 8. 5.],2024-11-07 17:51:00,dns_attack
57700063,[3350. 3700. 2500. 2950. 3000. 2700.],[3350. 3700. 2500. 2950. 3000. 2700.],[133164. 147076.  99376. 117264. 119251. 107326.],[283914. 313576. 211876. 250014. 254251. 228826.],[7. 7. 4. 7. 5. 6.],[7. 7. 4. 7. 5. 6.],2024-11-07 17:51:30,dns_attack
57700064,[5102. 3600. 2601. 3851. 2952. 2601.],[5100. 3600. 2600. 3850. 2950. 2600.],[202799. 143101. 103385. 153073. 117334. 103387.],[432227. 305101. 220351. 326289. 250014. 220351.],[10.  6.  6.  8.  9.  6.],[10.  6.  5.  7.  8.  6.],2024-11-07 17:52:00,dns_attack
57700065,[2351. 4351. 3600. 3950. 3851. 3601.],[2350. 4350. 3600. 3950. 3850. 3600.],[ 93449. 172950. 143101. 157014. 153075. 143138.],[199163. 368664. 305101. 334764. 326289. 305102.],[6. 8. 6. 8. 8. 8.],[6. 8. 6. 8. 8. 8.],2024-11-07 17:52:30,dns_attack
57700066,[3601. 3601. 2600. 2850. 4351. 3201.],[3600. 3600. 2600. 2850. 4350. 3200.],[143137. 143137. 103351. 113289. 172950. 127237.],[305101. 305101. 220351. 241539. 368664. 271201.],[7. 8. 5. 6. 8. 8.],[7. 8. 5. 6. 8. 8.],2024-11-07 17:53:00,dns_attack
57700067,[3351. 3101. 3200. 3350. 2451. 3351.],[3350. 3100. 3200. 3350. 2450. 3350.],[133200. 123263. 127201. 133164.  97424. 133200.],[283914. 262727. 271201. 283914. 207638. 283914.],[7. 8. 7. 6. 7. 7.],[7. 8. 7. 6. 7. 7.],2024-11-07 17:53:30,dns_attack
57700068,[2701. 3351. 3350. 3850. 2850. 2601.],[2700. 3350. 3350. 3850. 2850. 2600.],[107362. 133200. 133164. 153039. 113288. 103387.],[228826. 283914. 283914. 326289. 241538. 220351.],[7. 7. 7. 7. 5. 6.],[7. 7. 7. 7. 5. 6.],2024-11-07 17:54:00,dns_attack
57700069,[3601. 2950. 3700. 2600. 2600. 3850.],[3600. 2950. 3700. 2600. 2600. 3850.],[143137. 117264. 147077. 103351. 103351. 153039.],[305101. 250014. 313577. 220351. 220351. 326289.],[7. 7. 8. 5. 5. 7.],[7. 7. 8. 5. 5. 7.],2024-11-07 17:54:30,dns_attack
57700070,[3600. 4200. 3350. 2600. 3950. 3350.],[3600. 4200. 3350. 2600. 3950. 3350.],[143101. 166952. 133164. 103351. 157014. 133164.],[305101. 355952. 283914. 220351. 334764. 283914.],[6. 9. 6. 6. 8. 6.],[6. 9. 6. 6. 8. 6.],2024-11-07 17:55:00,dns_attack
57700071,[3350. 3350. 3600. 4600. 2600. 2100.],[3350. 3350. 3600. 4600. 2600. 2100.],[133164. 133164. 143101. 182852. 103351.  83476.],[283914. 283914. 305101. 389852. 220351. 177976.],[7. 6. 6. 8. 5. 5.],[7. 6. 6. 8. 5. 5.],2024-11-07 17:55:30,dns_attack
57700072,[2700. 2950. 2600. 3350. 3100. 1111.],[2700. 2950. 2600. 3350. 3100. 1111.],[107326. 117264. 103351. 133164. 123226.  44161.],[228826. 250014. 220351. 283914. 262726.  94156.],[6. 7. 5. 7. 6. 2.],[6. 7. 5. 7. 6. 2.],2024-11-07 17:56:00,dns_attack
57740275,[3662. 3750. 3750. 3751. 3750. 3750.],[3662. 3750. 3750. 3750. 3751. 3750.],[106198. 108750. 108750. 108779. 108750. 108750.],[1865312. 1910099. 1910454. 1910105. 1910894. 1910317.],[1. 1. 1. 1. 1. 1.],[1. 1. 1. 1. 1. 1.],2024-11-21 16:57:30,dns_attack
57740276,[3750. 3750. 3750. 3750. 3751. 3750.],[3750. 3750. 3750. 3750. 3750. 3751.],[108750. 108750. 108750. 108750. 108779. 108750.],[1910178. 1910118. 1910305. 1910100. 1910213. 1910576.],[1. 1. 1. 1. 1. 1.],[1. 1. 1. 1. 1. 1.],2024-11-21 16:58:00,dns_attack
57740277,[3750. 3750. 3750. 3750. 3750. 3750.],[3750. 3750. 3750. 3750. 3750. 3750.],[108750. 108750. 108750. 108750. 108750. 108750.],[1910215. 1909996. 1909891. 1910362. 1910402. 1909895.],[1. 1. 1. 1. 1. 1.],[1. 1. 1. 1. 1. 1.],2024-11-21 16:58:30,dns_attack
57740278,[3751. 3750. 3750. 3750. 3750. 3750.],[3750. 3751. 3750. 3750. 3750. 3750.],[108779. 108750. 108750. 108750. 108750. 108750.],[1910143. 1910706. 1910316. 1910206. 1909892. 1910193.],[1. 1. 1. 1. 1. 1.],[1. 1. 1. 1. 1. 1.],2024-11-21 16:59:00,dns_attack
57740279,[3750. 3751. 3750. 3750. 3750. 3750.],[3750. 3750. 3751. 3750. 3750. 3750.],[108750. 108779. 108750. 108750. 108750. 108750.],[1909800. 1910326. 1910739. 1910279. 1909920. 1910164.],[1. 1. 1. 1. 1. 1.],[1. 1. 1. 1. 1. 1.],2024-11-21 16:59:30,dns_attack
57740280,[3750. 3750. 3751. 3750. 3750. 3750.],[3750. 3750. 3750. 3750. 3751. 3750.],[108750. 108750. 108779. 108750. 108750. 108750.],[1910141. 1910024. 1910215. 1910070. 1910915. 1910303.],[1. 1. 1. 1. 1. 1.],[1. 1. 1. 1. 1. 1.],2024-11-21 17:00:00,dns_attack
57740281,[3750. 3750. 3750. 3750. 3751. 3750.],[3750. 3750. 3750. 3750. 3750. 3751.],[108750. 108750. 108750. 108750. 108779. 108750.],[1909761. 1910169. 1910026. 1910263. 1910300. 1910762.],[1. 1. 1. 1. 1. 1.],[1. 1. 1. 1. 1. 1.],2024-11-21 17:00:30,dns_attack
57740282,[3750. 3750. 3750. 3750. 3750. 3751.],[3750. 3750. 3750. 3750. 3750. 3750.],[108750. 108750. 108750. 108750. 108750. 108779.],[1910547. 1910512. 1909920. 1910033. 1910313. 1910319.],[1. 1. 1. 1. 1. 1.],[1. 1. 1. 1. 1. 1.],2024-11-21 17:01:00,dns_attack
57740283,[3750. 3750. 3750. 3750. 3750. 3750.],[3751. 3750. 3750. 3750. 3750. 3750.],[108750. 108750. 108750. 108750. 108750. 108750.],[1910906. 1910033. 1909887. 1910069. 1910097. 1910064.],[1. 1. 1. 1. 1. 1.],[1. 1. 1. 1. 1. 1.],2024-11-21 17:01:30,dns_attack
57740284,[3750. 3751. 3750. 3750. 3750. 3750.],[3750. 3750. 3751. 3750. 3750. 3750.],[108750. 108779. 108750. 108750. 108750. 108750.],[1909992. 1910202. 1910512. 1910340. 1910333. 1910027.],[1. 1. 1. 1. 1. 1.],[1. 1. 1. 1. 1. 1.],2024-11-21 17:02:00,dns_attack
57740285,[80.  0.  0.  0.  0.  0.],[80.  0.  0.  0.  0.  0.],[2320.    0.    0.    0.    0.    0.],[40770.     0.     0.     0.     0.     0.],[1. 0. 0. 0. 0. 0.],[1. 0. 0. 0. 0. 0.],2024-11-21 17:02:30,dns_attack
57743363,[   0.  242. 1491. 4911. 3285. 2981.],[   0.  242. 1491. 4911. 3285. 2981.],[     0.  12288.  75716. 249318. 166704. 151272.],[     0.  23178. 142721. 470133. 314529. 285417.],[   0.  238. 1428. 4641. 3114. 2855.],[   0.  238. 1428. 4641. 3114. 2855.],2024-11-22 18:41:30,dns_attack
57743364,[3386. 3985. 3104. 3873. 2873. 2385.],[3386. 3985. 3104. 3873. 2873. 2385.],[171784. 202171. 157441. 196545. 145770. 121087.],[324154. 381496. 297121. 370740. 275055. 228412.],[3224. 3811. 2948. 3682. 2759. 2317.],[3224. 3811. 2948. 3682. 2759. 2317.],2024-11-22 18:42:00,dns_attack
57743365,[2887. 3866. 3670. 3279. 3625. 2997.],[2887. 3866. 3670. 3279. 3625. 2997.],[146480. 196254. 186294. 166380. 183947. 152052.],[276395. 370224. 351354. 313935. 347072. 286917.],[2775. 3667. 3524. 3156. 3474. 2895.],[2775. 3667. 3524. 3156. 3474. 2895.],2024-11-22 18:42:30,dns_attack
57743366,[4466. 3344. 2541. 2838. 2965. 3070.],[4466. 3344. 2541. 2838. 2965. 3070.],[226700. 169716. 128958. 144026. 150494. 155779.],[427670. 320196. 243303. 271736. 283919. 293929.],[4255. 3220. 2489. 2739. 2862. 2980.],[4255. 3220. 2489. 2739. 2862. 2980.],2024-11-22 18:43:00,dns_attack
57743367,[2972. 3237. 2914. 3102. 2671. 4322.],[2972. 3237. 2914. 3102. 2671. 4322.],[150815. 164347. 148032. 157401. 135560. 219448.],[284555. 310012. 279072. 296991. 255755. 413848.],[2882. 3120. 2811. 2991. 2591. 4143.],[2882. 3120. 2811. 2991. 2591. 4143.],2024-11-22 18:43:30,dns_attack
57743368,[4220. 2500. 3596. 3660. 2723. 2615.],[4220. 2500. 3596. 3660. 2723. 2615.],[214135. 126919. 182402. 185673. 138191. 132716.],[403945. 239419. 344222. 350373. 260726. 250391.],[4024. 2450. 3462. 3535. 2643. 2547.],[4024. 2450. 3462. 3535. 2643. 2547.],2024-11-22 18:44:00,dns_attack
57743369,[2165. 3058. 3136. 2810. 3652. 3010.],[2164. 3043. 3121. 2826. 3651. 3008.],[109872. 155016. 159040. 142632. 185340. 152893.],[207209. 291177. 298872. 269820. 349533. 288063.],[2117. 2978. 3034. 2759. 3521. 2911.],[2117. 2978. 3034. 2759. 3521. 2911.],2024-11-22 18:44:30,dns_attack
57743370,[3405. 2767. 3045. 4417. 2844. 2399.],[3403. 2768. 3046. 4416. 2843. 2399.],[172815. 140461. 154603. 224224. 144339. 121774.],[325762. 265070. 291722. 422892. 272225. 229639.],[3292. 2700. 2969. 4223. 2774. 2345.],[3292. 2700. 2969. 4223. 2774. 2345.],2024-11-22 18:45:00,dns_attack
57743371,[2795. 2576. 3300. 2784. 3457. 2532.],[2795. 2576. 3302. 2784. 3457. 2533.],[141890. 130767. 167524. 141419. 175516. 128456.],[267575. 246507. 316216. 266520. 331080. 242492.],[2728. 2525. 3204. 2706. 3347. 2466.],[2728. 2525. 3204. 2706. 3347. 2466.],2024-11-22 18:45:30,dns_attack
57743372,[2375. 2906. 2895. 3131. 3350. 2477.],[2375. 2907. 2892. 3128. 3351. 2477.],[120525. 147456. 146928. 158912. 169997. 125704.],[227400. 278140. 276953. 299467. 320845. 237079.],[2324. 2827. 2827. 3034. 3249. 2420.],[2324. 2827. 2827. 3034. 3249. 2420.],2024-11-22 18:46:00,dns_attack
57743373,[3882. 2314. 2857. 2687. 3044. 3628.],[3880. 2314. 2858. 2687. 3043. 3627.],[197162. 117398. 145059. 136355. 154511. 184127.],[371570. 221528. 273630. 257270. 291395. 347291.],[3743. 2264. 2783. 2622. 2952. 3506.],[3743. 2264. 2783. 2622. 2952. 3506.],2024-11-22 18:46:30,dns_attack
57743374,[939.   0.   0.   0.   0.   0.],[939.   0.   0.   0.   0.   0.],[47602.     0.     0.     0.     0.     0.],[89857.     0.     0.     0.     0.     0.],[928.   0.   0.   0.   0.   0.],[928.   0.   0.   0.   0.   0.],2024-11-22 18:47:00,dns_attack
57734165,[0. 0. 0. 0. 0. 0.],[0. 1. 0. 1. 0. 2.],[0. 0. 0. 0. 0. 0.],[   0.  494.    0.  512.    0. 1006.],[0. 0. 0. 0. 0. 0.],[0. 1. 0. 1. 0. 1.],2024-11-19 14:02:30,dns
57734166,[0. 0. 0. 0. 0. 0.],[0. 0. 2. 0. 0. 0.],[0. 0. 0. 0. 0. 0.],[   0.    0. 1022.    0.    0.    0.],[0. 0. 0. 0. 0. 0.],[0. 0. 1. 0. 0. 0.],2024-11-19 14:03:00,dns
57734169,[0. 0. 0. 0. 0. 0.],[1. 0. 0. 0. 0. 0.],[0. 0. 0. 0. 0. 0.],[511.   0.   0.   0.   0.   0.],[0. 0. 0. 0. 0. 0.],[1. 0. 0. 0. 0. 0.],2024-11-19 14:04:30,dns
57734170,[0. 1. 1. 2. 0. 0.],[0. 2. 0. 0. 0. 0.],[  0.  61.  61. 111.   0.   0.],[  0. 111.   0.   0.   0.   0.],[0. 1. 1. 1. 0. 0.],[0. 1. 1. 1. 0. 0.],2024-11-19 14:05:00,dns
57734172,[0. 0. 0. 0. 0. 0.],[0. 0. 2. 0. 1. 0.],[0. 0. 0. 0. 0. 0.],[   0.    0. 1023.    0.  495.    0.],[0. 0. 0. 0. 0. 0.],[0. 0. 1. 0. 1. 0.],2024-11-19 14:06:00,dns
57734173,[0. 0. 0. 0. 0. 0.],[0. 0. 1. 0. 0. 1.],[0. 0. 0. 0. 0. 0.],[  0.   0. 512.   0.   0. 495.],[0. 0. 0. 0. 0. 0.],[0. 0. 1. 0. 0. 1.],2024-11-19 14:06:30,dns
57680128,[0. 0. 0. 0. 0. 0.],[0. 0. 0. 1. 1. 3.],[0. 0. 0. 0. 0. 0.],[   0.    0.    0.  511.  496. 1502.],[0. 0. 0. 0. 0. 0.],[0. 0. 0. 1. 1. 2.],2024-10-31 19:44:00,dns
57680129,[0. 0. 0. 0. 0. 0.],[0. 0. 2. 2. 1. 1.],[0. 0. 0. 0. 0. 0.],[   0.    0. 1005. 1022.  494.  510.],[0. 0. 0. 0. 0. 0.],[0. 0. 2. 2. 1. 1.],2024-10-31 19:44:30,dns_attack
57680130,[0. 0. 0. 0. 0. 0.],[0. 2. 0. 3. 2. 3.],[0. 0. 0. 0. 0. 0.],[   0. 1022.    0. 1485.  990. 1486.],[0. 0. 0. 0. 0. 0.],[0. 2. 0. 2. 2. 3.],2024-10-31 19:45:00,dns_attack
57680131,[0. 0. 0. 0. 0. 0.],[1. 1. 0. 3. 0. 1.],[0. 0. 0. 0. 0. 0.],[ 495.  512.    0. 1536.    0.  496.],[0. 0. 0. 0. 0. 0.],[1. 1. 0. 2. 0. 1.],2024-10-31 19:45:30,dns
57680132,[0. 0. 0. 0. 0. 0.],[1. 6. 5. 3. 3. 1.],[0. 0. 0. 0. 0. 0.],[ 495. 3019. 2509. 1484. 1485.  512.],[0. 0. 0. 0. 0. 0.],[1. 5. 4. 2. 2. 1.],2024-10-31 19:46:00,dns_attack
57680133,[0. 0. 0. 0. 0. 0.],[1. 3. 1. 3. 3. 4.],[0. 0. 0. 0. 0. 0.],[ 495. 1482.  495. 1484. 1483. 2014.],[0. 0. 0. 0. 0. 0.],[1. 3. 1. 3. 3. 4.],2024-10-31 19:46:30,dns_attack
57680134,[0. 0. 0. 0. 0. 0.],[2. 1. 2. 5. 0. 3.],[0. 0. 0. 0. 0. 0.],[ 991.  512.  989. 2506.    0. 1483.],[0. 0. 0. 0. 0. 0.],[2. 1. 2. 4. 0. 2.],2024-10-31 19:47:00,dns_attack
57680135,[0. 0. 0. 0. 0. 0.],[1. 0. 1. 1. 2. 1.],[0. 0. 0. 0. 0. 0.],[ 495.    0.  494.  512. 1003.  512.],[0. 0. 0. 0. 0. 0.],[1. 0. 1. 1. 1. 1.],2024-10-31 19:47:30,dns
57680136,[0. 0. 0. 0. 0. 0.],[1. 4. 3. 1. 0. 2.],[0. 0. 0. 0. 0. 0.],[ 511. 1996. 1502.  495.    0.  990.],[0. 0. 0. 0. 0. 0.],[1. 3. 2. 1. 0. 2.],2024-10-31 19:48:00,dns_attack
57680137,[0. 0. 0. 0. 0. 0.],[1. 1. 1. 2. 2. 1.],[0. 0. 0. 0. 0. 0.],[ 511.  495.  496.  989. 1004.  494.],[0. 0. 0. 0. 0. 0.],[1. 1. 1. 2. 1. 1.],2024-10-31 19:48:30,dns_attack
57680138,[0. 0. 0. 0. 0. 0.],[1. 0. 1. 1. 0. 0.],[0. 0. 0. 0. 0. 0.],[494.   0. 512. 511.   0.   0.],[0. 0. 0. 0. 0. 0.],[1. 0. 1. 1. 0. 0.],2024-10-31 19:49:00,dns
57734180,[0. 0. 0. 0. 0. 0.],[1. 0. 2. 2. 4. 0.],[0. 0. 0. 0. 0. 0.],[ 494.    0.  993.  994. 1995.    0.],[0. 0. 0. 0. 0. 0.],[1. 0. 2. 2. 3. 0.],2024-11-19 14:10:00,dns_attack
57734181,[0. 0. 0. 0. 0. 0.],[3. 4. 3. 0. 4. 3.],[0. 0. 0. 0. 0. 0.],[1519. 2011. 1520.    0. 2011. 1518.],[0. 0. 0. 0. 0. 0.],[2. 3. 2. 0. 3. 2.],2024-11-19 14:10:30,dns_attack
57734182,[0. 0. 0. 0. 0. 0.],[2. 1. 2. 2. 0. 2.],[0. 0. 0. 0. 0. 0.],[ 988.  496. 1007.  992.    0. 1007.],[0. 0. 0. 0. 0. 0.],[2. 1. 2. 2. 0. 1.],2024-11-19 14:11:00,dns_attack
57734183,[0. 0. 0. 0. 0. 0.],[1. 2. 3. 0. 3. 2.],[0. 0. 0. 0. 0. 0.],[ 495.  990. 1535.    0. 1519.  990.],[0. 0. 0. 0. 0. 0.],[1. 2. 3. 0. 2. 2.],2024-11-19 14:11:30,dns_attack
57734184,[0. 0. 0. 0. 0. 0.],[1. 4. 1. 2. 0. 2.],[0. 0. 0. 0. 0. 0.],[ 494. 1982.  496. 1007.    0.  991.],[0. 0. 0. 0. 0. 0.],[1. 4. 1. 2. 0. 2.],2024-11-19 14:12:00,dns_attack
57734185,[0. 0. 0. 0. 0. 0.],[5. 0. 1. 6. 2. 2.],[0. 0. 0. 0. 0. 0.],[2490.    0.  512. 3001.  988.  988.],[0. 0. 0. 0. 0. 0.],[2. 0. 1. 4. 2. 1.],2024-11-19 14:12:30,dns_attack
57734186,[0. 0. 0. 0. 0. 0.],[0. 1. 0. 2. 0. 2.],[0. 0. 0. 0. 0. 0.],[   0.  495.    0. 1003.    0. 1006.],[0. 0. 0. 0. 0. 0.],[0. 1. 0. 2. 0. 1.],2024-11-19 14:13:00,dns
57734187,[0. 0. 0. 0. 0. 0.],[3. 3. 1. 0. 1. 2.],[0. 0. 0. 0. 0. 0.],[1501. 1504.  494.    0.  512.  991.],[0. 0. 0. 0. 0. 0.],[2. 3. 1. 0. 1. 2.],2024-11-19 14:13:30,dns_attack
57734188,[0. 0. 0. 0. 0. 0.],[2. 2. 2. 3. 2. 3.],[0. 0. 0. 0. 0. 0.],[1008.  990. 1008. 1500.  989. 1519.],[0. 0. 0. 0. 0. 0.],[2. 2. 2. 2. 2. 2.],2024-11-19 14:14:00,dns_attack
57734189,[0. 0. 0. 0. 0. 0.],[2. 0. 0. 2. 2. 0.],[0. 0. 0. 0. 0. 0.],[1023.    0.    0. 1006.  991.    0.],[0. 0. 0. 0. 0. 0.],[2. 0. 0. 2. 2. 0.],2024-11-19 14:14:30,dns
57734190,[0. 0. 0. 0. 0. 0.],[5. 0. 0. 0. 0. 0.],[0. 0. 0. 0. 0. 0.],[2523.    0.    0.    0.    0.    0.],[0. 0. 0. 0. 0. 0.],[2. 0. 0. 0. 0. 0.],2024-11-19 14:15:00,dns_attack
57740319,[   0.    0.    0.    0.    0. 4819.],[   0.    0.    0.    0.    0. 4819.],[     0.      0.      0.      0.      0. 139751.],[      0.       0.       0.       0.       0. 2454654.],[0. 0. 0. 0. 0. 2.],[0. 0. 0. 0. 0. 2.],2024-11-21 17:19:30,dns_attack
57740320,[11996. 18530. 20000. 20001. 20000. 20000.],[11996. 18530. 20000. 20000. 20000. 20001.],[347884. 537370. 580000. 580029. 580000. 580000.],[ 6109753.  9439321. 10186604. 10187900. 10187923. 10187990.],[4. 5. 5. 5. 5. 5.],[4. 5. 5. 5. 5. 5.],2024-11-21 17:20:00,dns_attack
57740321,[20000. 20000. 20000. 20000. 20001. 20000.],[20000. 20000. 20000. 20000. 19998. 20002.],[580000. 580000. 580000. 580000. 580029. 580000.],[10187209. 10187865. 10187398. 10188064. 10186081. 10188882.],[5. 5. 5. 5. 5. 5.],[5. 5. 5. 5. 5. 5.],2024-11-21 17:20:30,dns_attack
57740322,[20000. 20000. 20000. 20000. 19999. 20001.],[20000. 20000. 20000. 19999. 20000. 20000.],[580000. 580000. 580000. 580000. 579971. 580029.],[10187562. 10187975. 10187377. 10186474. 10186902. 10186956.],[5. 5. 5. 5. 5. 5.],[5. 5. 5. 5. 5. 5.],2024-11-21 17:21:00,dns_attack
57740323,[20000. 20000. 20000. 19999. 20000. 20000.],[20001. 20000. 20000. 20000. 20000. 20000.],[580000. 580000. 580000. 579971. 580000. 580000.],[10188423. 10187741. 10187166. 10187943. 10187854. 10187496.],[5. 5. 5. 5. 5. 5.],[5. 5. 5. 5. 5. 5.],2024-11-21 17:21:30,dns_attack
57740324,[20000. 20001. 20000. 20000. 20000. 20000.],[20000. 20000. 20001. 20000. 20000. 20000.],[580000. 580029. 580000. 580000. 580000. 580000.],[10187353. 10187482. 10187541. 10187318. 10187170. 10187603.],[5. 5. 5. 5. 5. 5.],[5. 5. 5. 5. 5. 5.],2024-11-21 17:22:00,dns_attack
57740325,[20000. 20000. 20001. 20000. 20000. 20000.],[20000. 20000. 20000. 20000. 20000. 20001.],[580000. 580000. 580029. 580000. 580000. 580000.],[10187692. 10186856. 10187765. 10187076. 10187462. 10188557.],[5. 5. 5. 5. 5. 5.],[5. 5. 5. 5. 5. 5.],2024-11-21 17:22:30,dns_attack
57740326,[20000. 20000. 20000. 20000. 20001. 20000.],[19999. 20000. 20000. 20000. 19999. 20001.],[580000. 580000. 580000. 580000. 580029. 580000.],[10187522. 10187868. 10187143. 10187559. 10187070. 10188653.],[5. 5. 5. 5. 5. 5.],[5. 5. 5. 5. 5. 5.],2024-11-21 17:23:00,dns_attack
57740327,[20000. 20000. 19999. 20000. 20000. 20000.],[20000. 20000. 20000. 19999. 20000. 20000.],[580000. 580000. 579971. 580000. 580000. 580000.],[10187180. 10187137. 10187383. 10187029. 10187517. 10187709.],[5. 5. 5. 5. 5. 5.],[5. 5. 5. 5. 5. 5.],2024-11-21 17:23:30,dns_attack
57740328,[20000. 20002. 20002. 20002. 19999. 20000.],[20001. 20002. 20000. 20000. 20000. 20000.],[580000. 580064. 580064. 580064. 579971. 580000.],[10188673. 10187171. 10186997. 10187415. 10187361. 10187496.],[5. 7. 7. 7. 5. 5.],[5. 7. 7. 7. 5. 5.],2024-11-21 17:24:00,dns_attack
57740329,[20001. 20000. 20000. 20000. 20000. 15173.],[20000. 20001. 20000. 20000. 20000. 15173.],[580029. 580000. 580000. 580000. 580000. 440017.],[10187683. 10188134. 10187148. 10187359. 10187626.  7729072.],[5. 5. 5. 5. 5. 5.],[5. 5. 5. 5. 5. 5.],2024-11-21 17:24:30,dns_attack
57740330,[8007. 1472.    0.    0.    0.    0.],[8006. 1473.    0.    0.    0.    0.],[232203.  42688.      0.      0.      0.      0.],[4078372.  750315.       0.       0.       0.       0.],[3. 1. 0. 0. 0. 0.],[3. 1. 0. 0. 0. 0.],2024-11-21 17:25:00,dns_attack
57743339,[ 788. 1585.  725.  779.  722. 1636.],[ 788. 1585.  725.  779.  722. 1636.],[40027. 80453. 36762. 39617. 36633. 82991.],[ 75487. 151778.  69387.  74582.  69123. 156611.],[ 766. 1504.  717.  761.  710. 1556.],[ 766. 1504.  717.  761.  710. 1556.],2024-11-22 18:29:30,dns_attack
57743340,[1331.  891.  763. 1464.  781. 1010.],[1331.  891.  763. 1464.  781. 1010.],[67554. 45252. 38784. 74281. 39652. 51272.],[127449.  85257.  73119. 140161.  74797.  96722.],[1303.  867.  757. 1420.  772.  982.],[1303.  867.  757. 1420.  772.  982.],2024-11-22 18:30:00,dns_attack
57743341,[1206.  755.  907.  788. 1348.  924.],[1206.  755.  907.  788. 1348.  924.],[61169. 38390. 46022. 40009. 68417. 46885.],[115439.  72275.  86837.  75469. 129077.  88465.],[1166.  744.  887.  782. 1313.  894.],[1166.  744.  887.  782. 1313.  894.],2024-11-22 18:30:30,dns_attack
57743342,[1203.  879.  786.  780. 1133. 1097.],[1203.  879.  786.  780. 1133. 1097.],[61043. 44646. 39859. 39596. 57449. 55725.],[115178.  84201.  75229.  74696. 108434. 105000.],[1177.  857.  777.  766. 1111. 1069.],[1177.  857.  777.  766. 1111. 1069.],2024-11-22 18:31:00,dns_attack
57743343,[ 825. 1049. 1243.  689.  620.  511.],[ 825. 1049. 1243.  689.  620.  511.],[41866. 53233. 63049. 34962. 31441. 25931.],[ 78991. 100438. 118984.  65967.  59341.  48836.],[ 804. 1030. 1220.  680.  612.  506.],[ 804. 1030. 1220.  680.  612.  506.],2024-11-22 18:31:30,dns_attack
57743344,[1301. 1412.  787.  890.  760.  900.],[1301. 1412.  787.  890.  760.  900.],[66122. 71709. 39953. 45149. 38582. 45711.],[124577. 135159.  75368.  85199.  72782.  86211.],[1268. 1374.  770.  873.  746.  880.],[1268. 1374.  770.  873.  746.  880.],2024-11-22 18:32:00,dns_attack
57743345,[1018.  754.  984.  719.  600. 1081.],[1018.  754.  984.  719.  600. 1081.],[51694. 38249. 49939. 36484. 30433. 54877.],[ 97504.  72179.  94219.  68839.  57433. 103522.],[ 996.  744.  953.  710.  593. 1066.],[ 996.  744.  953.  710.  593. 1066.],2024-11-22 18:32:30,dns_attack
57743346,[1095. 1372. 1331.  589.  752.  772.],[1095. 1372. 1331.  589.  752.  772.],[55562. 69642. 67523. 29908. 38164. 39163.],[104837. 131382. 127418.  56413.  72004.  73903.],[1067. 1328. 1290.  583.  746.  759.],[1067. 1328. 1290.  583.  746.  759.],2024-11-22 18:33:00,dns_attack
57743347,[ 921. 1034. 1530.  767.  773.  652.],[ 921. 1034. 1519.  765.  770.  650.],[46766. 52440. 77536. 38877. 39165. 33031.],[ 88211.  98970. 145283.  73238.  73393.  62024.],[ 903. 1014. 1489.  759.  772.  648.],[ 903. 1014. 1489.  759.  772.  648.],2024-11-22 18:33:30,dns_attack
57743348,[ 747. 1048.  913. 1206. 1260. 1739.],[ 741. 1044.  918. 1205. 1257. 1739.],[37904. 53143. 46303. 61207. 63933. 88244.],[ 70991.  99771.  87770. 115380. 120346. 166499.],[ 739. 1024.  905. 1168. 1228. 1695.],[ 739. 1024.  905. 1168. 1228. 1695.],2024-11-22 18:34:00,dns_attack
57743349,[1064.  768.  789.  974.  265.    0.],[1063.  768.  789.  974.  264.    0.],[53994. 38975. 40039. 49436. 13455.     0.],[101777.  73535.  75544.  93266.  25284.      0.],[1039.  759.  779.  950.  264.    0.],[1039.  759.  779.  950.  264.    0.],2024-11-22 18:34:30,dns_attack
57720339,[  0.   0.   0.   0. 201. 102.],[  0.   0.   0.   0. 201. 102.],[   0.    0.    0.    0. 8001. 4079.],[    0.     0.     0.     0. 17046.  8669.],[0. 0. 0. 0. 3. 2.],[0. 0. 0. 0. 3. 2.],2024-11-14 18:49:30,dns_attack
57720340,[101. 200.   0.   0.   0.   0.],[101. 200.   0.   0.   0.   0.],[4024. 7950.    0.    0.    0.    0.],[ 8569. 16950.     0.     0.     0.     0.],[2. 2. 0. 0. 0. 0.],[2. 2. 0. 0. 0. 0.],2024-11-14 18:50:00,dns_attack
57673862,[0. 0. 0. 0. 0. 0.],[0. 0. 0. 0. 1. 1.],[0. 0. 0. 0. 0. 0.],[  0.   0.   0.   0. 198. 198.],[0. 0. 0. 0. 0. 0.],[0. 0. 0. 0. 1. 1.],2024-10-29 15:31:00,dns
57673863,[0. 0. 0. 0. 0. 0.],[2. 2. 0. 1. 1. 3.],[0. 0. 0. 0. 0. 0.],[396. 396.   0. 198. 198. 594.],[0. 0. 0. 0. 0. 0.],[1. 1. 0. 1. 1. 3.],2024-10-29 15:31:30,dns_attack
57673864,[0. 0. 0. 0. 0. 0.],[5. 2. 0. 1. 1. 2.],[0. 0. 0. 0. 0. 0.],[990. 396.   0. 198. 198. 396.],[0. 0. 0. 0. 0. 0.],[3. 2. 0. 1. 1. 1.],2024-10-29 15:32:00,dns_attack
57673865,[0. 0. 0. 0. 0. 0.],[6. 4. 2. 4. 3. 3.],[0. 0. 0. 0. 0. 0.],[1188.  792.  396.  792.  594.  594.],[0. 0. 0. 0. 0. 0.],[3. 3. 2. 3. 2. 2.],2024-10-29 15:32:30,dns_attack
57673866,[0. 0. 0. 0. 0. 0.],[8. 2. 0. 1. 2. 1.],[0. 0. 0. 0. 0. 0.],[1584.  396.    0.  198.  396.  198.],[0. 0. 0. 0. 0. 0.],[3. 2. 0. 1. 2. 1.],2024-10-29 15:33:00,dns_attack
57673867,[0. 0. 0. 0. 0. 0.],[0. 2. 5. 1. 0. 2.],[0. 0. 0. 0. 0. 0.],[  0. 396. 990. 198.   0. 396.],[0. 0. 0. 0. 0. 0.],[0. 2. 4. 1. 0. 2.],2024-10-29 15:33:30,dns_attack
57673868,[0. 0. 0. 0. 0. 0.],[1. 0. 0. 3. 2. 1.],[0. 0. 0. 0. 0. 0.],[198.   0.   0. 594. 396. 198.],[0. 0. 0. 0. 0. 0.],[1. 0. 0. 2. 1. 1.],2024-10-29 15:34:00,dns
57673869,[0. 0. 0. 0. 0. 0.],[3. 2. 4. 3. 2. 1.],[0. 0. 0. 0. 0. 0.],[594. 396. 792. 594. 396. 198.],[0. 0. 0. 0. 0. 0.],[3. 1. 3. 1. 2. 1.],2024-10-29 15:34:30,dns_attack
57673870,[0. 0. 0. 0. 0. 0.],[0. 3. 1. 2. 4. 3.],[0. 0. 0. 0. 0. 0.],[  0. 594. 198. 396. 792. 594.],[0. 0. 0. 0. 0. 0.],[0. 2. 1. 2. 2. 3.],2024-10-29 15:35:00,dns_attack
57673871,[0. 0. 0. 0. 0. 0.],[2. 0. 3. 1. 0. 1.],[0. 0. 0. 0. 0. 0.],[396.   0. 594. 198.   0. 198.],[0. 0. 0. 0. 0. 0.],[2. 0. 2. 1. 0. 1.],2024-10-29 15:35:30,dns_attack
57673872,[0. 0. 0. 0. 0. 0.],[3. 4. 2. 3. 2. 2.],[0. 0. 0. 0. 0. 0.],[594. 792. 396. 594. 396. 396.],[0. 0. 0. 0. 0. 0.],[2. 3. 1. 1. 1. 1.],2024-10-29 15:36:00,dns_attack
57673873,[0. 0. 0. 0. 0. 0.],[1. 0. 0. 0. 0. 0.],[0. 0. 0. 0. 0. 0.],[198.   0.   0.   0.   0.   0.],[0. 0. 0. 0. 0. 0.],[1. 0. 0. 0. 0. 0.],2024-10-29 15:36:30,dns
57700035,[  0.   0.   0. 200. 100. 100.],[  0.   0.   0. 200. 100. 100.],[   0.    0.    0. 7950. 3975. 3975.],[    0.     0.     0. 16950.  8475.  8475.],[0. 0. 0. 2. 1. 1.],[0. 0. 0. 2. 1. 1.],2024-11-07 17:37:30,dns_attack
57700036,[100. 200. 100. 100. 200. 100.],[100. 200. 100. 100. 200. 100.],[3975. 7950. 3975. 3975. 7950. 3975.],[ 8475. 16950.  8475.  8475. 16950.  8475.],[1. 2. 1. 1. 2. 1.],[1. 2. 1. 1. 2. 1.],2024-11-07 17:38:00,dns_attack
57700037,[100. 200. 100. 200. 100. 100.],[100. 200. 100. 200. 100. 100.],[3975. 7950. 3975. 7950. 3975. 3975.],[ 8475. 16950.  8475. 16950.  8475.  8475.],[1. 2. 1. 2. 1. 1.],[1. 2. 1. 2. 1. 1.],2024-11-07 17:38:30,dns_attack
57700038,[100. 100. 100. 100. 200. 100.],[100. 100. 100. 100. 200. 100.],[3975. 3975. 3975. 3975. 7950. 3975.],[ 8475.  8475.  8475.  8475. 16950.  8475.],[1. 1. 1. 1. 2. 1.],[1. 1. 1. 1. 2. 1.],2024-11-07 17:39:00,dns_attack
57700039,[100. 200. 100. 100. 100. 200.],[100. 200. 100. 100. 100. 200.],[3975. 7950. 3975. 3975. 3975. 7950.],[ 8475. 16950.  8475.  8475.  8475. 16950.],[1. 2. 1. 1. 1. 2.],[1. 2. 1. 1. 1. 2.],2024-11-07 17:39:30,dns_attack
57700040,[200. 100. 100.   0. 100. 200.],[200. 100. 100.   0. 100. 200.],[7950. 3975. 3975.    0. 3975. 7950.],[16950.  8475.  8475.     0.  8475. 16950.],[2. 1. 1. 0. 1. 2.],[2. 1. 1. 0. 1. 2.],2024-11-07 17:40:00,dns_attack
57700041,[200. 100. 100. 100. 100. 200.],[200. 100. 100. 100. 100. 200.],[7950. 3975. 3975. 3975. 3975. 7950.],[16950.  8475.  8475.  8475.  8475. 16950.],[2. 1. 1. 1. 1. 2.],[2. 1. 1. 1. 1. 2.],2024-11-07 17:40:30,dns_attack
57700042,[100. 100. 100. 100. 100. 100.],[100. 100. 100. 100. 100. 100.],[3975. 3975. 3975. 3975. 3975. 3975.],[8475. 8475. 8475. 8475. 8475. 8475.],[1. 1. 1. 1. 1. 1.],[1. 1. 1. 1. 1. 1.],2024-11-07 17:41:00,dns_attack
57700043,[200. 100. 200. 100. 100. 200.],[200. 100. 200. 100. 100. 200.],[7950. 3975. 7950. 3975. 3975. 7950.],[16950.  8475. 16950.  8475.  8475. 16950.],[2. 1. 2. 1. 1. 2.],[2. 1. 2. 1. 1. 2.],2024-11-07 17:41:30,dns_attack
57700044,[100. 100. 200. 100. 100. 200.],[100. 100. 200. 100. 100. 200.],[3975. 3975. 7950. 3975. 3975. 7950.],[ 8475.  8475. 16950.  8475.  8475. 16950.],[1. 1. 2. 1. 1. 2.],[1. 1. 2. 1. 1. 2.],2024-11-07 17:42:00,dns_attack
57700045,[  0. 200. 100. 100. 100.   0.],[  0. 200. 100. 100. 100.   0.],[   0. 7950. 3975. 3975. 3975.    0.],[    0. 16950.  8475.  8475.  8475.     0.],[0. 2. 1. 1. 1. 0.],[0. 2. 1. 1. 1. 0.],2024-11-07 17:42:30,dns_attack
57680115,[0. 0. 0. 0. 0. 0.],[0. 0. 1. 0. 0. 0.],[0. 0. 0. 0. 0. 0.],[  0.   0. 494.   0.   0.   0.],[0. 0. 0. 0. 0. 0.],[0. 0. 1. 0. 0. 0.],2024-10-31 19:37:30,dns
57680116,[0. 0. 0. 0. 0. 0.],[0. 0. 0. 0. 1. 1.],[0. 0. 0. 0. 0. 0.],[  0.   0.   0.   0. 495. 512.],[0. 0. 0. 0. 0. 0.],[0. 0. 0. 0. 1. 1.],2024-10-31 19:38:00,dns
57680117,[0. 0. 0. 0. 0. 0.],[1. 1. 0. 1. 0. 0.],[0. 0. 0. 0. 0. 0.],[495. 511.   0. 511.   0.   0.],[0. 0. 0. 0. 0. 0.],[1. 1. 0. 1. 0. 0.],2024-10-31 19:38:30,dns
57680118,[0. 0. 0. 0. 0. 0.],[0. 1. 0. 3. 0. 1.],[0. 0. 0. 0. 0. 0.],[   0.  495.    0. 1484.    0.  495.],[0. 0. 0. 0. 0. 0.],[0. 1. 0. 3. 0. 1.],2024-10-31 19:39:00,dns
57680119,[0. 0. 0. 0. 0. 0.],[0. 1. 0. 1. 0. 1.],[0. 0. 0. 0. 0. 0.],[  0. 511.   0. 494.   0. 494.],[0. 0. 0. 0. 0. 0.],[0. 1. 0. 1. 0. 1.],2024-10-31 19:39:30,dns
57680120,[0. 0. 0. 0. 0. 0.],[0. 1. 0. 0. 0. 1.],[0. 0. 0. 0. 0. 0.],[  0. 497.   0.   0.   0. 494.],[0. 0. 0. 0. 0. 0.],[0. 1. 0. 0. 0. 1.],2024-10-31 19:40:00,dns
57680121,[0. 0. 0. 0. 0. 0.],[0. 1. 0. 0. 0. 0.],[0. 0. 0. 0. 0. 0.],[  0. 512.   0.   0.   0.   0.],[0. 0. 0. 0. 0. 0.],[0. 1. 0. 0. 0. 0.],2024-10-31 19:40:30,dns
57680122,[0. 0. 0. 0. 0. 0.],[0. 0. 0. 0. 0. 1.],[0. 0. 0. 0. 0. 0.],[  0.   0.   0.   0.   0. 496.],[0. 0. 0. 0. 0. 0.],[0. 0. 0. 0. 0. 1.],2024-10-31 19:41:00,dns
57673850,[0. 0. 0. 0. 0. 0.],[0. 1. 0. 0. 0. 0.],[0. 0. 0. 0. 0. 0.],[  0. 198.   0.   0.   0.   0.],[0. 0. 0. 0. 0. 0.],[0. 1. 0. 0. 0. 0.],2024-10-29 15:25:00,dns
57673851,[0. 0. 0. 0. 0. 0.],[1. 2. 1. 1. 0. 0.],[0. 0. 0. 0. 0. 0.],[198. 396. 198. 198.   0.   0.],[0. 0. 0. 0. 0. 0.],[1. 2. 1. 1. 0. 0.],2024-10-29 15:25:30,dns
57673852,[0. 0. 0. 0. 0. 0.],[0. 1. 1. 2. 0. 0.],[0. 0. 0. 0. 0. 0.],[  0. 198. 198. 396.   0.   0.],[0. 0. 0. 0. 0. 0.],[0. 1. 1. 2. 0. 0.],2024-10-29 15:26:00,dns
57673853,[0. 0. 0. 0. 0. 0.],[0. 0. 0. 0. 1. 1.],[0. 0. 0. 0. 0. 0.],[  0.   0.   0.   0. 198. 198.],[0. 0. 0. 0. 0. 0.],[0. 0. 0. 0. 1. 1.],2024-10-29 15:26:30,dns
57673854,[0. 0. 0. 0. 0. 0.],[0. 0. 0. 1. 0. 0.],[0. 0. 0. 0. 0. 0.],[  0.   0.   0. 198.   0.   0.],[0. 0. 0. 0. 0. 0.],[0. 0. 0. 1. 0. 0.],2024-10-29 15:27:00,dns
57673855,[0. 0. 0. 0. 0. 0.],[0. 0. 0. 0. 1. 1.],[0. 0. 0. 0. 0. 0.],[  0.   0.   0.   0. 198. 198.],[0. 0. 0. 0. 0. 0.],[0. 0. 0. 0. 1. 1.],2024-10-29 15:27:30,dns
57673856,[0. 0. 0. 0. 0. 0.],[1. 0. 0. 0. 0. 0.],[0. 0. 0. 0. 0. 0.],[198.   0.   0.   0.   0.   0.],[0. 0. 0. 0. 0. 0.],[1. 0. 0. 0. 0. 0.],2024-10-29 15:28:00,dns
57673857,[0. 0. 0. 0. 0. 0.],[1. 1. 0. 0. 0. 0.],[0. 0. 0. 0. 0. 0.],[198. 198.   0.   0.   0.   0.],[0. 0. 0. 0. 0. 0.],[1. 1. 0. 0. 0. 0.],2024-10-29 15:28:30,dns
57673858,[0. 0. 0. 0. 0. 0.],[0. 1. 0. 1. 0. 0.],[0. 0. 0. 0. 0. 0.],[  0. 198.   0. 198.   0.   0.],[0. 0. 0. 0. 0. 0.],[0. 1. 0. 1. 0. 0.],2024-10-29 15:29:00,dns
57673859,[0. 0. 0. 0. 0. 0.],[1. 0. 0. 0. 0. 0.],[0. 0. 0. 0. 0. 0.],[198.   0.   0.   0.   0.   0.],[0. 0. 0. 0. 0. 0.],[1. 0. 0. 0. 0. 0.],2024-10-29 15:29:30,dns
